Workbook

Sheet okt - des 26
B2: Æfingasvæði | O2: Leiðbeiningar við útfyllingu á hlaupadagbókinni
B3: E, eða Easy. Átt að geta haldið uppi samræðum eins og þú værir að labba, annars ertu að fara of hratt. Það er ekki hægt að skokka of hægt! | D3: Millirólegt - Hraðar en rólega skokkið en samt þægilegt. Mjög mikilvægt að fara ekki of hratt hérna. Frekar örlítið hægar. | F3: Threshold. Á þessum hraða áttu að geta sagt u.þ.b. eina setningu í hverjum andardrætti. Eins og ,,Mér líður vel" | G3: Hratt - Fartlek, Hratt en enginn sprettur | H3: Interval. Þú átt að þurfa fulla einbeitingu til að geta haldið hraðanum. Ekkert spjall hérna :) | K3: Reps - Stuttar hraðar endurtekningar | M3: Keppnir - 100% keyrsla | O3: 1 | P3: Lestu æfingar vikunnar og auka fyrirmælin áður en þú ferð á æfingu - Til að setja inn komment hægri smellirðu á reitinn og ýtir á comment, eða ctrl+alt+m, eða ýtir á punktinn á reitinum ef þú ert í síma og ýtir á comment. - Settu komment í dagsreitinn. Hvernig gekk, hvað var gert, hvernig leið þér? Einhver meiðsli eða eymsli?
B4: 7:00-9:00 | D4: 6:10-6:20 | F4: 5:15-5:23 | G4: 5:00-5:08 | H4: 4:49-4:58 | K4: 4:15-4:20 | O4: 2 | P4: Eftir æfingu setur þú heildarvegalengd í dagsreitinn.
B7: Æfingar vikunnar | E7: Auka fyrirmæli | H7: Mán | I7: Þri | J7: Mið | K7: Fim | L7: Fös | M7: Lau | N7: Sun | O7: Tímabil | R7: KM á viku | S7: Áhersla tímabilsins | T7: Möguleg hlaup
B8: 46300 | C8: - | D8: =B8+6 -> 46306 | E8: Aðalmarkmiðið þessa vikuna er að gera ekki of mikið. Leyfa orkunni frekar að fara í styrkinn og láta skokkið vera eins pressulaust og þægilegt og hægt er. Í æfingu 3 er þetta ekki sprettur, bara hlaup upp brekku, ekki láta erfiðeikann fara yfir 6 af 10. Höggin á líkamann eru aðalæfingin. Til að setja inn komment þá er það annaðhvort að hægri smella og ýta á comment eða ctrl+alt+m og þá opnast gluggi. | H8: 5.21 | I8: 5.83 | L8: 4.8 | O8: 46300 | P8: - | Q8: =O8+6 -> 46306 | R8: =SUM(H8:N8)+SUM(H9:N9) -> 15.84 | S8: Fyrirbygging
B9: 1. 20' E + 6*20sek stílsprettir (1) + 5-10' E - Ef þessi er tekin á mánudegi fer hún í reiti sem eru eins á litinni. H8 og H9 | H9: Teygjur og styrkur f.mjöðm | I9: Teygjur og styrkur | J9: göngutúr alla daga vikunnar | M9: styrkur+teygjur
B10: 2. 35-40' E | H10: 5.64 | J10: 6.44 | M10: 8.3 | O10: =$O$8+7 -> 46307 | P10: - | Q10: =$O$10+6 -> 46313 | R10: =SUM(H10:N10)+SUM(H11:N11) -> 20.38
B11: 3. 10' E + 6-8*1' brekkuhlaup (2) + 5' E + styrktaræfingar
O12: =$O$10+7 -> 46314 | P12: - | Q12: =$O$12+6 -> 46320 | R12: =SUM(H12:N12)+SUM(H13:N13) -> 0
B14: =B8+7 -> 46307 | C14: - | D14: =B14+6 -> 46313 | E14: Engin æfing á að vera eitthvað þvílíkt erfið heldur er stöðugleiki og styrkur aðalmálið núna, förum svo að bæta í magnið rólega í hverri viku. Reyna að halda púls lágum, helst undir 130 í rólegu æfingunum. Gott að setja í komment hvaða púls þú ert að halda þegar þú ert í kringum 6:20-6:30. | O14: =$O$12+7 -> 46321 | P14: - | Q14: =$O$14+6 -> 46327 | R14: =SUM(H14:N14)+SUM(H15:N15) -> 0 | S14: Grunnur
B15: 1. 20' E + 8*30sek (1' skokk) + 10' E - í 30 sek þá er þetta 10 sek að auka hraðann, 10 sek að halda og 10 sek að hægja rólega á sér.
B16: 2. 30-40' E + lyftingar | O16: =$O$14+7 -> 46328 | P16: - | Q16: =$O$16+6 -> 46334 | R16: =SUM(H16:N16)+SUM(H17:N17) -> 0
B17: 3. 20' E + 20' á 6:20-6:30 + 10-20' E
O18: =$O$16+7 -> 46335 | P18: - | Q18: =$O$18+6 -> 46341 | R18: =SUM(H18:N18)+SUM(H19:N19) -> 0
B20: =B14+7 -> 46314 | C20: - | D20: =B20+6 -> 46320 | E20: Aðeins meira magn og bakkið og hliðarskrefin koma inn. Þetta á að vera helst upp brekku í bakkinu og hliðarksrefunum og mun alveg taka lúmskt í en er mikilvægt upp á vöðvajafnvægið. Það er í lagi að taka lyftingar og styrk á sér degi ef það hentar beutr.. Ef þú ert með mjög goðan tíma þá mega æfingar 1-3 verða 60 mín í heildina en ekki fara yfir klukkutímann á hlaupum alveg strax, mjög gott að ná einhverju rólegu sem labb í halla eða á hjóli og leitast eftir því að vera eins mikið á mjúku undirlagi og þú getur. Æfing 1 í lokin er svo fyrsta æfingin í næstu viku en það koma alltaf inn nýjar vikur á mánudögum. | O20: =$O$18+7 -> 46342 | P20: - | Q20: =$O$20+6 -> 46348 | R20: =SUM(H20:N20)+sum(H21:N21) -> 0
B21: 1. 20' E + 10-12*30sek (1' skokk) + 10' E - í 30 sek þá er þetta 10 sek að auka hraðann, 10 sek að halda og 10 sek að hægja rólega á sér.
B22: 2. 10' E + 3*1' bakk (1) + 4*20sek stílsprettir (1) + 1*1' hliðarskref (1) + 5' E + lyftingar | O22: =$O$20+7 -> 46349 | P22: - | Q22: =$O$22+6 -> 46355 | R22: =SUM(H22:N22)+SUM(H23:N23) -> 0
B23: 3. 10' E + 25' vaxandi og minnkandi + 10' E - vaxandi er að byrja á 7:00 og vinna sig upp í 5:30 á 10-15 mín og svo lækka hraðann rólega niður í 7:00 restina af tímanum.
B24: 1. U + 8-10*30sek brekkusprettir (1) + N | O24: =$O$22+7 -> 46356 | P24: - | Q24: =$O$24+6 -> 46362 | R24: =SUM(H24:N24)+SUM(H25:N25) -> 0 | S24: Threshold
R27: Heildarfjöldi KM
R28: =sum(R8:R24) -> 36.22

Sheet des 26 - feb 27
B2: Æfingasvæði | O2: Leiðbeiningar við útfyllingu á hlaupadagbókinni
B3: E, eða Easy. Átt að geta haldið uppi samræðum eins og þú værir að labba, annars ertu að fara of hratt. Það er ekki hægt að skokka of hægt! | D3: Millirólegt - Hraðar en rólega skokkið en samt þægilegt. Mjög mikilvægt að fara ekki of hratt hérna. Frekar örlítið hægar. | F3: Threshold. Á þessum hraða áttu að geta sagt u.þ.b. eina setningu í hverjum andardrætti. Eins og ,,Mér líður vel" | G3: Hratt - Fartlek, Hratt en enginn sprettur | H3: Interval. Þú átt að þurfa fulla einbeitingu til að geta haldið hraðanum. Ekkert spjall hérna :) | K3: Reps - Stuttar hraðar endurtekningar | M3: Keppnir - 100% keyrsla | O3: 1 | P3: Lestu æfingar vikunnar og auka fyrirmælin áður en þú ferð á æfingu - Til að setja inn komment hægri smellirðu á reitinn og ýtir á comment, eða ctrl+alt+m, eða ýtir á punktinn á reitinum ef þú ert í síma og ýtir á comment. - Settu komment í dagsreitinn. Hvernig gekk, hvað var gert, hvernig leið þér? Einhver meiðsli eða eymsli?
B4: ='okt - des 26'!B4 -> 7:00-9:00 | D4: ='okt - des 26'!D4 -> 6:10-6:20 | F4: ='okt - des 26'!F4 -> 5:15-5:23 | G4: ='okt - des 26'!G4 -> 5:00-5:08 | H4: ='okt - des 26'!H4 -> 4:49-4:58 | O4: 2 | P4: Eftir æfingu setur þú heildarvegalengd í dagsreitinn.
B7: Æfingar vikunnar | E7: Auka fyrirmæli | H7: Mán | I7: Þri | J7: Mið | K7: Fim | L7: Fös | M7: Lau | N7: Sun | O7: Tímabil | R7: KM á viku | S7: Áhersla tímabilsins | T7: Möguleg hlaup
B8: =O8 -> 46363 | C8: - | D8: =B8+6 -> 46369 | O8: =1+'okt - des 26'!Q24 -> 46363 | P8: - | Q8: =O8+6 -> 46369 | R8: =SUM(H8:N8)+SUM(H9:N9) -> 0 | S8: Threshold
O10: =$O$8+7 -> 46370 | P10: - | Q10: =$O$10+6 -> 46376 | R10: =SUM(H10:N10)+SUM(H11:N11) -> 0
O12: =$O$10+7 -> 46377 | P12: - | Q12: =$O$12+6 -> 46383 | R12: =SUM(H12:N12)+SUM(H13:N13) -> 0
B14: =B8+7 -> 46370 | C14: - | D14: =B14+6 -> 46376 | O14: =$O$12+7 -> 46384 | P14: - | Q14: =$O$14+6 -> 46390 | R14: =SUM(H14:N14)+SUM(H15:N15) -> 0
O16: =$O$14+7 -> 46391 | P16: - | Q16: =$O$16+6 -> 46397 | R16: =SUM(H16:N16)+SUM(H17:N17) -> 0
O18: =$O$16+7 -> 46398 | P18: - | Q18: =$O$18+6 -> 46404 | R18: =SUM(H18:N18)+SUM(H19:N19) -> 0
B20: =B14+7 -> 46377 | C20: - | D20: =B20+6 -> 46383 | O20: =$O$18+7 -> 46405 | P20: - | Q20: =$O$20+6 -> 46411 | R20: =SUM(H20:N20)+sum(H21:N21) -> 0
O22: =$O$20+7 -> 46412 | P22: - | Q22: =$O$22+6 -> 46418 | R22: =SUM(H22:N22)+SUM(H23:N23) -> 0
O24: =$O$22+7 -> 46419 | P24: - | Q24: =$O$24+6 -> 46425 | R24: =SUM(H24:N24)+SUM(H25:N25) -> 0
R27: Heildarfjöldi KM
R28: =sum(R8:R24) -> 0

Sheet feb - apríl 27
B2: Æfingasvæði
B3: E - Hægar er betra | D3: Millirólegt - ekki of hratt hér | F3: Threshold - "mér líður vel" | H3: Hratt en ekki sprettur | J3: Interval - VO2Max | L3: Reps - stuttir sprettir | N3: Keppnir - keyrsla
B4: ='des 26 - feb 27'!B4 -> 7:00-9:00 | D4: ='des 26 - feb 27'!D4 -> 6:10-6:20 | F4: ='des 26 - feb 27'!F4 -> 5:15-5:23 | H4: ='des 26 - feb 27'!G4 -> 5:00-5:08 | J4: x | L4: x | N4: x
B6: Æfingar vikunnar | E6: Auka fyrirmæli | H6: Mán | I6: Þri | J6: Mið | K6: Fim | L6: Fös | M6: Lau | N6: Sun | O6: Tímabil | R6: KM á viku | S6: Áhersla tímabilsins | T6: Möguleg hlaup
B7: =O7 -> 46426 | C7: - | D7: =B7+6 -> 46432 | O7: 46426 | P7: - | Q7: =O7+6 -> 46432 | R7: =SUM(H7:N7)+SUM(H8:N8) -> 0 | T7: x
T8: x
O9: =$O$7+7 -> 46433 | P9: - | Q9: =$O$9+6 -> 46439 | R9: =SUM(H9:N9)+SUM(H10:N10) -> 0 | T9: x
T10: x
O11: =$O$9+7 -> 46440 | P11: - | Q11: =$O$11+6 -> 46446 | R11: =SUM(H11:N11)+SUM(H12:N12) -> 0 | T11: x
T12: x
B13: =B7+7 -> 46433 | C13: - | D13: =B13+6 -> 46439 | O13: =$O$11+7 -> 46447 | P13: - | Q13: =$O$13+6 -> 46453 | R13: =SUM(H13:N13)+SUM(H14:N14) -> 0 | T13: x
T14: x
O15: =$O$13+7 -> 46454 | P15: - | Q15: =$O$15+6 -> 46460 | R15: =SUM(H15:N15)+SUM(H16:N16) -> 0 | T15: x
T16: x
O17: =$O$15+7 -> 46461 | P17: - | Q17: =$O$17+6 -> 46467 | R17: =SUM(H17:N17)+SUM(H18:N18) -> 0 | T17: x
T18: x
B19: =B13+7 -> 46440 | C19: - | D19: =B19+6 -> 46446 | O19: =$O$17+7 -> 46468 | P19: - | Q19: =$O$19+6 -> 46474 | R19: =SUM(H19:N19)+sum(H20:N20) -> 0 | T19: x
T20: x
O21: =$O$19+7 -> 46475 | P21: - | Q21: =$O$21+6 -> 46481 | R21: =SUM(H21:N21)+SUM(H22:N22) -> 0 | T21: x
T22: x
O23: =$O$21+7 -> 46482 | P23: - | Q23: =$O$23+6 -> 46488 | R23: =SUM(H23:N23)+SUM(H24:N24) -> 0 | T23: x
T24: x
R26: Heildarfjöldi KM
R27: =R7+R9+R11+R13+R15+R17+R19+R21+R23 -> 0
R29: Meðal km á viku
R30: =R27/7 -> 0

Sheet Það sem ég hugsa um þegar ég hl
B3: Það sem þú átt að hugsa um þegar þú hleypur. Í mikilvægisröð | F3: Gott að hafa í huga í keppnum
B4: 1. Afslappaðar axlir. Er ég með afslappaðar axlir? Er kjálkinn á mér afslappaður? - Afslappaður kjálki hjálpar öxlunum að slappa af og afslappaðar axlir eru orkusparandi og gefa hagkvæmari hlaupastíl. | F4: 1. Upp í móti brekkur drepa Ef þú reynir að halda sama hraða í upp í móti brekkum og á jafnsléttu þá muntu tapa meira á því heldur en þú græðir. - Reyndu að halda svipaðri ákefð í gegnum hlaupið og farðu frekar hægar upp brekkurnar heldur en hraðar.
B5: 2. Handahreyfingar. Er ég að hreyfa hendurnar beint aftur? Er ég að hreyfa þær of mikið til hliðar? Eru hendurnar að skera miðlínuna á líkamanum? Eru hendurnar nálægt 90 gráðum þegar ég hreyfi þær afturábak? - Ef hendurnar eru ekki að fara beint aftur og hendurnar að fara of mikið til hliðar þá tapast orka til hliðar í staðinn fyrir að ýta okkur beint áfram. Með því að hafa hendurnar nálægt 90 gráðum þegar þú hendir þeim aftur á bak þá notarðu pendúlinn hjá öxlunum betur til þess að nýta alla orkuna sem fer í að ýta þeim aftur til þess að ýta þér áfram. Ef hendurnar eru of lokaðar (hornið við olnboga minna en 30° þá verður líka meiri spenna í öxlunum og það er erfiðara að halda afslöppuðum hlaupastíl. | F5: 2. Niður í móti brekkur skal nýta Ef það kemur brekka niður í móti reyndu þá að nýta tækifærið og að slappa af og að rúlla vel, ekki taka á móti höggunum heldur hugsaðu um að hafa góðan framhalla í líkamsstöðunni og láttu þyngdaraflið vinna með þér. Reyndu að taka aðeins stærri skref en á sama tíma að lágmarka snertitíma fótanna við jörðina. Þér á að líða eins og fæturnir skjótist af jörðinni. - Þegar það koma niður í móti kaflar þá lækkar hjartslátturinn því það er auðveldara að fara á góðum hraða, hinsvegar lækkar hann ekki ef við náum ekki að vera afslöppuð. Með því að lágmarka snertitímann við jörðina þá minnkum við höggið sem verður í niður í mót hlaupinu og leyfum þyngdaraflinu að vinna sem mest með okkur.
F6: 3. Vertu í skjóli Vertu óhrædd/ur að skýla þér á bakvið hlaupara þegar þú hleypur á móti vind. Það getur verið mjög orkusparandi og þá þurfum við ekki að hugsa um að halda uppi ákveðnum hraða heldur bara að passa að viðkomandi sleppi ekki frá okkur.
B7: 3. Líkamsstaða Er ég með upprétta líkamsstöðu eins og það sé spotti sem togar höfuðið upp? Er ég með meðvitaða líkamsstöðu og virkan nafla? Er ég með opinn brjóstkassa? Er ég með fatt bak? - Ef við erum ekki með upprétta líkamsstöðu þá eigum við til að missa brjóstkassann í lokaða stöðu sem minnkar lungnarýmið þannig að við tökum inn minna súrefni, þá eigum við líka til að láta hendurnar byrja að sveiflast meira til hliðanna og orka tapast. Það er líka erfiðara að hlaupa á miðfætinum þegar líkamsstaðan er hokin. Einnig setur of mikill framhalli of mikið álag á mjóbakið. Virkur nafli hjálpar til við að halda réttri líkamsstöðu og passar upp á að bakið fettist ekki og að brjóstkassinn haldist opinn. Ef við erum með fatt bak þá er hreyfiferill fótleggjanna takmarkaður, hnélyftan verður minni og hælarnir fara of mikið aftur. | F7: 4. Verum meðvituð um meðvindinn Mundu að nýta meðvindinn. - Þegar það er meðvindur þá er mikilvægt að vera meðvitaður um hann og reyna að leyfa honum að ýta sér áfram og vera afslappaður í líkamanum á meðan, ef maður gleymir að hugsa um að nýta meðvindinn þá missir maður af tækifærinu á að "hvíla sig" í keppninni.
B8: 4. Beiting fóta Er ég að lenda á miðfætinum? Er ég að lenda á hælnum? Er ég að taka nægilega mörg skref á mínútu? Er ég að spyrna mér beint áfram þegar ég lendi á fætinum? Vísa tærnar beint áfram og beint afturábak í hverju skrefi? - Ef við lendum á hælnum þegar við hlaupum þá erum við í raun að stoppa okkur í hverju skrefi, til að bæta úr þessu er hægt til dæmis að reyna að halla sér meira fram. Við ættum alltaf að taka á milli 175-195 skref á mínútu sama hvaða hraði það er. Þetta veldur því að það er minna álag á liðina og við höfum styttri tíma sem við erum á jörðinni sem gerir það auðveldara að hlaupa hratt í langan tíma. Ef táin vísar ekki beint áfram og beint afturábak í hverju skrefi er orka að tapast til hliðar. | F8: 5. Finndu þér verðuga keppinauta Reyndu að finna keppinauta sem eru að fara á svipuðum hraða og þú vilt hlaupa á. - Með því að hengja sig á annan keppanda og láta hann um að stjórna hraðanum færð þú tækifæri á að slaka á í hausnum og getur einbeitt þér að því að halda hagkvæmum hlaupastíl og þarft ekki að hugsa um hraðann. Heilinn notar orku til að starfa og hans helsti orkugjafi eru kolvetni en við viljum helst nota okkar kolvetni í að hlaupa hratt en ekki hugsa um hraðann.
F9: 6. Mundu eftir líkamsstöðunni Reyndu að muna eftir líkamsstöðunni í hlaupinu. Helst á þetta að vera það vel æft að þú þurfir ekki að pæla í þessu en oft á tíðum getur verið gott að minna sig á að slaka á í öxlunum, halda brjóstkassanum opnum, nýta hendurnar og passa tíðnina í skrefunum. Þetta getur hjálpað sérstaklega þegar maður finnur að þreytan byrjar að sækja að.
B10: 5. Framhalli Er ég að halla mér nógu mikið fram? - Ef þú hallar þér ekki nógu mikið fram þá ertu að missa af því að nýta þyngdaraflið sem hjálpar þér náttúrulega að fara hraðar án þess að þú þurfir að gera eitthvað aukalega. Framhalli er það sem kemur síðast inn í hlaupastílinn. Við viljum fyrst vinna í hlutum 1-4 áður en við lögum framhallann.
